member_id,name,age,employment_status,income_monthly,income_change_pct,checking_balance,savings_balance,credit_card_balance,credit_card_balance_change_pct,credit_score,home_ownership,home_value,mortgage_balance,auto_loan_balance,tuition_payment,recent_large_purchase,transaction_count_60d,avg_transaction_60d,recent_job_change,months_at_employer,renovation_permit_nearby,property_listing_nearby,new_child_indicator,debt_to_income_ratio,missed_payments_12m,loan_inquiries_90d,member_since_years,branch_visits_90d,mobile_logins_30d
MBR0001,Evelyn Garcia,62,full_time,2909,15.8,4212,14628,4572,53.6,753,owner,271161,153401,1041,0,0,47,116.08,1,7,0,1,0,4.43,0,4,9,0,48
MBR0002,Kevin Johnson,66,part_time,8074,-9.7,3727,22059,3349,-10.7,604,renter,0,0,27770,500,1,25,300.0,1,32,1,0,1,0.07,0,4,12,3,45
MBR0003,Amelia Anderson,64,full_time,7241,29.2,14213,15256,3309,18.0,696,renter,0,0,5329,500,1,46,277.96,0,156,0,0,0,0.02,0,3,9,8,14
MBR0004,Daniel White,25,full_time,3025,19.3,6772,17546,2168,1.1,725,renter,0,0,6967,18000,1,70,357.33,0,37,0,0,0,0.05,1,4,18,4,47
MBR0005,Steven Moore,59,part_time,8430,-12.9,2466,33392,16171,-10.9,592,owner,340265,198153,25954,18000,1,96,53.51,0,153,1,0,1,2.05,2,0,22,1,43
MBR0006,James Clark,39,unemployed,8073,-18.9,7323,10365,14867,-19.7,764,renter,0,0,16403,0,0,100,140.42,1,156,0,0,0,0.07,2,1,18,8,58
MBR0007,Amelia Thomas,42,part_time,2819,-18.8,6147,20153,7846,-14.2,804,owner,262582,88895,15924,0,0,36,274.11,1,43,0,1,0,2.78,0,1,23,4,25
MBR0008,Harper Lee,50,self_employed,9897,-18.3,3881,4196,11078,-17.9,721,owner,797024,318090,2326,18000,0,49,54.94,0,85,0,0,0,2.7,1,3,7,8,8
MBR0009,Michael Moore,58,part_time,6481,18.2,13430,26677,6239,-10.6,748,renter,0,0,11609,1200,1,79,349.62,0,173,0,0,0,0.05,1,2,4,3,12
MBR0010,James Jackson,50,full_time,9412,-14.9,7779,16371,2470,24.3,800,owner,282664,91233,17713,0,0,116,344.02,0,105,1,1,0,0.84,2,3,2,2,24
MBR0011,Abigail Davis,38,part_time,7173,-1.7,12168,36422,15947,-4.5,655,owner,241324,135293,17766,0,1,27,48.55,0,129,0,0,1,1.66,0,1,3,1,43
MBR0012,Daniel Brown,47,full_time,11833,-11.5,9940,2604,2686,21.9,729,owner,728177,322121,8544,0,1,50,128.28,0,172,0,1,0,2.29,2,0,1,7,39
MBR0013,Robert Taylor,26,self_employed,5992,2.8,2370,22872,2254,67.9,674,renter,0,0,5169,3500,1,98,394.03,1,3,0,0,0,0.02,0,0,4,8,9
MBR0014,Kevin Jones,60,full_time,8117,-13.8,10591,17300,16561,28.9,811,owner,276781,162035,27176,0,0,20,153.42,0,164,0,0,0,1.76,0,3,18,0,7
MBR0015,Harper Anderson,56,full_time,8549,7.0,2626,28166,4176,-15.8,673,owner,555190,219041,8176,18000,0,65,318.64,0,159,0,0,0,2.16,2,1,14,0,11
MBR0016,Matthew Thompson,48,unemployed,6565,-10.3,13100,45958,3542,18.3,589,renter,0,0,7288,0,1,64,142.92,0,58,0,0,0,0.03,0,2,3,4,22
MBR0017,Evelyn Moore,47,unemployed,11285,-6.8,652,7559,8559,-2.1,647,owner,293668,166937,11327,500,1,97,394.17,0,99,0,0,0,1.26,1,3,1,8,59
MBR0018,Daniel Taylor,65,unemployed,5728,-5.0,1346,43531,10819,42.3,749,owner,934717,658995,16617,0,1,61,178.89,0,142,0,0,0,9.67,1,3,22,2,39
MBR0019,Emma Martin,47,self_employed,2506,-8.3,3643,28173,10559,26.5,693,owner,716004,367262,26084,0,0,56,220.72,1,86,0,0,0,12.47,0,1,5,0,2
MBR0020,Abigail Brown,61,full_time,9961,-2.2,10518,37727,6371,51.8,678,renter,0,0,13095,0,0,103,284.42,0,109,0,0,1,0.03,0,0,18,3,58
MBR0021,Matthew Davis,51,full_time,10112,11.7,9357,39023,10397,75.0,808,renter,0,0,20075,8000,1,90,194.99,0,122,1,0,0,0.05,2,2,25,8,31
MBR0022,Steven Lee,39,part_time,3769,14.2,4041,17807,11005,12.0,718,owner,325095,119593,12551,0,0,28,183.5,0,139,1,1,0,2.76,0,3,13,0,54
MBR0023,Thomas Jones,46,part_time,2596,26.9,5092,49379,12779,65.3,793,renter,0,0,17636,8000,0,82,111.19,0,125,0,1,0,0.21,1,3,24,2,53
MBR0024,Mia Johnson,61,self_employed,2941,24.9,9897,36987,888,-11.6,689,owner,664125,253548,8524,1200,1,47,198.24,0,98,0,1,0,7.24,2,0,16,0,47
MBR0025,Donald Garcia,44,full_time,3624,18.0,10878,2638,1016,75.0,631,owner,831517,306473,4136,3500,0,92,380.67,0,180,0,0,0,7.07,0,4,24,1,49
MBR0026,Charles Anderson,41,full_time,11981,-23.6,5311,37735,12298,19.7,763,owner,259688,147098,27216,18000,0,33,287.96,0,176,0,0,0,1.08,0,3,22,5,4
MBR0027,Charlotte Jackson,22,part_time,10531,-19.2,6134,41653,15064,50.7,691,owner,949440,507747,21314,0,1,79,191.16,1,69,0,0,0,4.08,0,3,8,7,36
MBR0028,Anthony Martin,43,full_time,10598,21.8,3179,31952,6950,15.5,646,renter,0,0,9163,12000,1,91,33.76,0,22,0,1,0,0.03,0,1,23,7,41
MBR0029,Michael Anderson,50,full_time,4024,-8.8,6825,45336,7972,10.6,728,renter,0,0,15507,8000,1,74,398.75,1,85,0,1,0,0.1,0,2,8,1,46
MBR0030,Maria Moore,29,unemployed,11279,27.3,11507,12133,6276,1.6,703,renter,0,0,23743,12000,1,32,338.07,0,59,0,0,0,0.05,0,4,5,4,2
MBR0031,David Lee,40,unemployed,4568,10.1,12533,32170,3361,67.3,726,renter,0,0,15381,3500,1,63,98.21,0,65,1,0,0,0.07,0,3,3,0,9
MBR0032,Mia Williams,41,full_time,6566,-18.5,12724,27274,7395,57.6,677,renter,0,0,14507,0,1,59,240.39,0,157,0,0,0,0.06,0,0,6,3,11
MBR0033,Robert Jones,32,full_time,9193,-0.2,9929,30796,9543,-16.7,653,renter,0,0,23035,3500,0,107,116.37,0,161,0,1,0,0.06,0,1,21,2,58
MBR0034,Amelia Lee,26,full_time,5218,18.6,9949,49083,9457,23.9,699,renter,0,0,22928,1200,1,84,229.79,0,21,0,1,0,0.11,0,2,1,1,14
MBR0035,Anthony Martin,59,full_time,6915,6.7,12702,49562,5740,27.1,746,renter,0,0,9114,0,1,101,331.27,0,121,0,1,0,0.04,0,0,6,5,26
MBR0036,Thomas Johnson,40,unemployed,9061,19.7,9212,2404,14903,-11.2,644,renter,0,0,3798,1200,0,104,351.67,0,106,0,0,1,0.04,0,4,25,7,40
MBR0037,Donald Martin,35,full_time,11498,-17.8,4919,28712,15883,-7.9,741,owner,430921,266913,10182,8000,0,90,180.96,0,30,1,0,0,1.98,0,2,17,4,26
MBR0038,Mia Moore,52,full_time,9983,5.3,6484,12491,16654,54.6,614,owner,469666,304204,27997,1200,1,120,217.86,0,73,0,1,0,2.62,0,4,16,5,21
MBR0039,Sarah Harris,46,part_time,7772,22.8,11627,15650,12549,3.4,778,renter,0,0,1430,500,1,110,367.97,0,99,0,1,0,0.04,0,4,19,5,55
MBR0040,Matthew Taylor,28,self_employed,9986,-24.2,2561,26868,5058,-12.5,780,renter,0,0,11093,12000,1,103,59.72,0,173,1,0,0,0.03,2,4,2,1,15
MBR0041,Linda Williams,36,unemployed,3980,-1.1,1812,49831,3293,24.4,757,renter,0,0,948,0,1,27,138.55,0,111,0,0,1,0.02,0,4,22,2,10
MBR0042,Robert Harris,61,part_time,6445,2.4,9754,9379,7608,26.1,645,renter,0,0,8366,18000,0,79,363.45,1,41,0,1,0,0.05,0,2,21,6,44
MBR0043,Matthew Miller,41,full_time,8802,21.9,1947,15545,12496,37.2,727,renter,0,0,22913,0,0,104,176.45,0,145,0,1,0,0.07,2,1,20,5,14
MBR0044,Donald Martin,61,full_time,4740,9.6,10480,42358,1291,10.9,692,owner,787727,365653,4306,0,1,61,306.57,0,52,0,0,1,6.45,0,2,6,4,58
MBR0045,Matthew Thomas,40,unemployed,8049,19.2,7873,4934,4612,55.4,637,renter,0,0,27713,8000,1,31,322.55,0,68,0,1,0,0.07,1,2,19,6,52
MBR0046,Olivia Moore,28,unemployed,6330,0.9,10350,36792,10748,71.5,636,owner,846269,567622,22972,0,1,34,81.72,0,78,1,0,0,7.57,0,4,5,6,29
MBR0047,Michael Brown,48,self_employed,5031,23.7,10930,6489,16034,41.6,820,renter,0,0,1072,500,0,76,194.54,0,93,0,0,1,0.07,1,2,2,6,17
MBR0048,Evelyn Garcia,51,full_time,5975,10.3,9983,1399,1657,58.7,642,owner,772002,302889,27191,8000,0,95,109.9,0,85,0,0,0,4.31,2,1,5,8,16
MBR0049,Thomas Smith,29,unemployed,2922,-17.8,6069,15593,10609,-18.4,647,owner,312915,198317,17238,0,0,80,195.86,0,132,0,1,1,5.83,0,4,2,8,19
MBR0050,Ava Brown,25,part_time,9080,-1.6,1968,32130,14534,-12.7,600,renter,0,0,19932,0,0,36,131.76,1,141,0,1,1,0.07,0,2,15,8,38
MBR0051,Kevin Williams,66,full_time,11533,14.6,3722,28185,14796,68.8,685,renter,0,0,27112,3500,1,73,299.96,0,110,0,0,0,0.06,0,3,3,1,53
MBR0052,Sarah Wilson,49,full_time,8605,19.6,9315,3930,10801,47.0,685,renter,0,0,21801,1200,0,56,252.15,0,27,0,0,0,0.07,0,0,12,8,23
MBR0053,Matthew Smith,58,full_time,9530,21.5,12773,40745,860,40.9,748,renter,0,0,948,0,1,109,312.09,0,90,0,0,0,0.0,0,3,3,2,47
MBR0054,Robert Miller,27,unemployed,11191,-13.2,7078,29730,11170,-4.3,659,renter,0,0,25455,12000,0,26,87.56,1,13,0,0,0,0.06,1,3,16,7,26
MBR0055,David Jackson,54,full_time,8155,-1.4,4840,44447,15945,32.7,658,owner,411230,196513,19638,0,0,46,141.53,0,36,0,0,0,2.09,0,0,16,6,11
MBR0056,Anthony Thomas,56,unemployed,6270,2.5,13853,43781,11605,-12.8,800,owner,637409,196598,2551,500,1,93,179.64,0,75,0,1,0,2.66,0,1,20,7,53
MBR0057,Robert Miller,27,part_time,4234,-11.6,9848,26243,17169,-12.1,802,renter,0,0,24438,500,0,62,318.27,0,131,0,0,0,0.18,0,1,8,1,9
MBR0058,Sophia Wilson,33,self_employed,5004,16.8,10939,4938,5804,75.1,740,renter,0,0,15202,12000,1,107,371.94,1,165,0,0,0,0.07,0,0,16,7,40
MBR0059,David Johnson,59,full_time,8266,2.9,5285,30260,14808,-16.2,674,renter,0,0,2514,18000,0,98,249.81,0,119,0,1,1,0.04,1,1,11,7,32
MBR0060,Mia Jackson,50,full_time,8126,29.0,1581,33066,5654,-16.1,761,renter,0,0,14398,8000,0,66,167.96,0,100,1,0,1,0.04,0,2,3,5,6
MBR0061,Michael Anderson,40,full_time,4963,-6.7,9747,43490,4634,71.7,659,renter,0,0,4225,12000,0,59,236.8,0,33,0,1,1,0.03,0,0,12,4,11
MBR0062,Ava Thomas,53,full_time,6211,30.0,2738,5057,9692,64.4,605,owner,745990,504142,17253,0,1,118,258.67,1,97,0,0,0,6.84,2,4,6,7,2
MBR0063,Michael Clark,65,unemployed,6391,28.3,10203,18673,14710,3.4,641,renter,0,0,26496,3500,0,67,280.97,1,113,1,0,0,0.12,0,4,14,2,52
MBR0064,Olivia Davis,30,full_time,3354,10.3,14521,24327,3361,51.1,712,owner,478910,161748,5253,0,1,85,84.52,0,24,0,1,0,4.06,0,3,2,6,32
MBR0065,Mark Taylor,46,full_time,8642,-12.7,5421,6493,10986,59.1,615,owner,480814,342737,15481,0,1,77,257.68,0,5,0,0,0,3.36,0,4,17,6,7
MBR0066,Amelia Williams,37,full_time,4496,-22.4,7078,41874,14978,-13.7,794,renter,0,0,19553,8000,0,100,220.69,0,37,0,1,0,0.14,0,2,8,6,11
MBR0067,Maria Thomas,55,full_time,3608,27.4,9114,33248,16633,35.4,679,renter,0,0,1426,18000,1,67,123.85,0,92,0,0,0,0.1,1,0,25,5,8
MBR0068,Mark Miller,56,full_time,5368,20.7,11417,30449,15680,43.2,787,owner,246165,153168,14997,0,1,45,46.21,0,11,0,0,1,2.48,0,4,16,4,2
MBR0069,Ava Clark,40,full_time,3283,22.6,5638,17905,4078,59.9,691,renter,0,0,24356,3500,1,63,390.28,0,178,1,0,1,0.15,0,0,24,6,5
MBR0070,Harper Garcia,33,self_employed,7313,-7.3,1511,21490,9687,10.6,734,renter,0,0,5460,3500,1,77,45.67,0,158,1,0,0,0.04,0,3,12,8,51
MBR0071,Alex Turner,34,full_time,7500,45.0,800,1200,14500,85.0,640,owner,420000,310000,0,0,1,95,280.0,1,2,0,0,0,0.52,1,3,3,2,40
MBR0072,Sofia Reyes,41,full_time,9200,0.0,12000,35000,1800,5.0,765,owner,680000,280000,0,0,0,45,150.0,0,84,1,0,0,0.11,0,0,12,1,20
MBR0073,Nathan Park,28,part_time,2100,-30.0,150,80,9200,110.0,590,renter,0,0,8500,17500,0,110,88.0,0,8,0,0,0,0.72,3,5,2,0,12
MBR0074,Grace Liu,52,full_time,11500,5.0,22000,80000,500,2.0,810,owner,920000,180000,0,0,0,30,200.0,0,120,0,1,0,0.06,0,0,18,3,8
MBR0075,Marcus Webb,39,self_employed,5200,20.0,3500,4000,7800,60.0,670,renter,0,0,0,0,1,85,320.0,1,14,0,0,0,0.3,0,2,6,1,35
MBR0076,Priya Shah,45,full_time,8800,8.0,5000,12000,12000,75.0,655,owner,510000,390000,0,0,0,100,195.0,0,60,0,0,0,0.41,2,4,9,0,28
MBR0077,Connor Walsh,31,full_time,6200,12.0,4200,8000,2200,10.0,720,renter,0,0,0,0,0,55,140.0,0,36,0,0,0,0.07,0,1,5,2,22
MBR0078,Diana Chen,37,full_time,7800,0.0,9500,22000,800,3.0,788,owner,560000,240000,0,0,1,40,175.0,0,72,1,0,0,0.09,0,0,10,2,15
MBR0079,Jerome Davis,50,unemployed,0,-100.0,620,1500,11000,95.0,601,owner,295000,270000,0,0,0,75,55.0,1,1,0,0,0,0.95,3,2,15,4,5
MBR0080,Mei Zhang,26,full_time,4500,15.0,2800,500,1200,8.0,695,renter,0,0,14000,0,1,65,210.0,0,18,0,0,0,0.25,0,1,2,0,50
